file_id,age
image_0.jpg,61.71714995067622
image_1.jpg,44.50628364811681
image_10.jpg,32.63842655427158
image_100.jpg,54.16664457713441
image_1000.jpg,17.55516854700364
image_1001.jpg,26.54734014906337
image_1002.jpg,69.804626977446
image_1003.jpg,35.82236851461075
image_1004.jpg,42.14363436495511
image_1005.jpg,60.163278123776486
image_1006.jpg,40.17414171714458
image_1007.jpg,64.86164026399209
image_1008.jpg,66.47514821729503
image_1009.jpg,31.9712776128447
image_101.jpg,56.17610217593339
image_1010.jpg,44.837005080947854
image_1011.jpg,8.319291333538807
image_1012.jpg,79.580537076336
image_1013.jpg,68.81494338703604
image_1014.jpg,57.93744845364194
image_1015.jpg,29.08114413503003
image_1016.jpg,54.484741830711535
image_1017.jpg,44.89182314480957
image_1018.jpg,30.16862465701713
image_1019.jpg,35.483422645239955
image_102.jpg,33.144599448871936
image_1020.jpg,36.1428985411332
image_1021.jpg,9.317444435585566
image_1022.jpg,2.333493035329179
image_1023.jpg,26.98161447438133
image_1024.jpg,32.65018217034006
image_1025.jpg,58.71451584801792
image_1026.jpg,12.080003141104733
image_1027.jpg,3.162994301428121
image_1028.jpg,27.586130943963735
image_1029.jpg,25.041246760315783
image_103.jpg,25.73195941248102
image_1030.jpg,61.33235130711828
image_1031.jpg,1.4888987526386732
image_1032.jpg,56.25341858145979
image_1033.jpg,30.618514841808217
image_1034.jpg,26.83081976433553
image_1035.jpg,44.74457851351233
image_1036.jpg,65.17072780144245
image_1037.jpg,23.325956040902014
image_1038.jpg,44.8953509349327
image_1039.jpg,25.27146905476827
image_104.jpg,18.096681843259756
image_1040.jpg,9.041513291643923
image_1041.jpg,46.099375279925944
image_1042.jpg,35.33755442128746
image_1043.jpg,56.440111842672174
image_1044.jpg,41.71613430409317
image_1045.jpg,49.084655285814314
image_1046.jpg,29.15471096566613
image_1047.jpg,42.445848764573576
image_1048.jpg,63.34730349259548
image_1049.jpg,1.3456268362524095
image_105.jpg,25.289894242534597
image_1050.jpg,51.961980543066225
image_1051.jpg,66.7237454911013
image_1052.jpg,26.717969083421156
image_1053.jpg,66.54042563722203
image_1054.jpg,70.9523596155474
image_1055.jpg,76.13972777358515
image_1056.jpg,28.24172730550464
image_1057.jpg,21.518068047525478
image_1058.jpg,27.76444713841536
image_1059.jpg,9.766234002971627
image_106.jpg,56.536523479679296
image_1060.jpg,66.38919503101323
image_1061.jpg,36.36474461998885
image_1062.jpg,42.31997465660378
image_1063.jpg,69.7810848450322
image_1064.jpg,17.477570822501605
image_1065.jpg,60.42175285026831
image_1066.jpg,22.781160743713496
image_1067.jpg,62.58012986521725
image_1068.jpg,64.28942961792241
image_1069.jpg,50.08265186963541
image_107.jpg,39.91150007148317
image_1070.jpg,77.15669457515322
image_1071.jpg,60.06266215522161
image_1072.jpg,15.789329927704342
image_1073.jpg,1.5509891208248139
image_1074.jpg,34.31292103659701
image_1075.jpg,62.67077629264304
image_1076.jpg,59.35230287808775
image_1077.jpg,17.438573228246813
image_1078.jpg,17.014228324972652
image_1079.jpg,69.39383525351876
image_108.jpg,34.392678024487246
image_1080.jpg,22.390753528938745
image_1081.jpg,28.5456528862444
image_1082.jpg,14.205134845127224
image_1083.jpg,23.476618492324747
image_1084.jpg,56.95687896633302
image_1085.jpg,49.04189010506133
image_1086.jpg,48.896354470558286
image_1087.jpg,73.68767153229675
image_1088.jpg,49.548049698529184
image_1089.jpg,31.046111401876157
image_109.jpg,31.093571289352965
image_1090.jpg,21.494584382437793
image_1091.jpg,28.598480910227707
image_1092.jpg,42.20892368573296
image_1093.jpg,41.4940986018424
image_1094.jpg,49.50316491650293
image_1095.jpg,43.463023220624216
image_1096.jpg,12.008736655473136
image_1097.jpg,20.738288436049842
image_1098.jpg,16.901614450249753
image_1099.jpg,50.92753964062802
image_11.jpg,30.380735811557557
image_110.jpg,5.933618801036488
image_1100.jpg,58.700366736861405
image_1101.jpg,2.5433983323758844
image_1102.jpg,56.009619153465984
image_1103.jpg,24.276334353747767
image_1104.jpg,30.742481835625664
image_1105.jpg,23.896412283650676
image_1106.jpg,27.372094180451853
image_1107.jpg,15.826975021167144
image_1108.jpg,58.7177799115669
image_1109.jpg,32.383382613546765
image_111.jpg,9.890815027024411
image_1110.jpg,36.2504872701869
image_1111.jpg,54.65967905395244
image_1112.jpg,57.148310101796774
image_1113.jpg,49.90545009611626
image_1114.jpg,24.419645264328878
image_1115.jpg,44.857720643854385
image_1116.jpg,62.06765878852326
image_1117.jpg,27.124877772136887
image_1118.jpg,31.645680491770662
image_1119.jpg,19.719597603851838
image_112.jpg,25.999099858661122
image_1120.jpg,56.21513304084643
image_1121.jpg,30.968729071857656
image_1122.jpg,61.01427514240317
image_1123.jpg,72.96532709108494
image_1124.jpg,16.66362544195236
image_1125.jpg,43.52407441486016
image_1126.jpg,58.605760014949034
image_1127.jpg,76.72705122174432
image_1128.jpg,37.4699020838408
image_1129.jpg,63.44220656063377
image_113.jpg,19.788447184818548
image_1130.jpg,48.51801550137058
image_1131.jpg,24.075164565026444
image_1132.jpg,46.53230857727476
image_1133.jpg,4.0174584694469475
image_1134.jpg,44.875623255865854
image_1135.jpg,28.260364603709075
image_1136.jpg,76.11873361129152
image_1137.jpg,24.8420550805821
image_1138.jpg,47.08337394026008
image_1139.jpg,25.03760091409963
image_114.jpg,26.688345795581565
image_1140.jpg,25.5513947928164
image_1141.jpg,36.78954334723498
image_1142.jpg,27.187159236600095
image_1143.jpg,67.12794030721889
image_1144.jpg,61.68572489178275
image_1145.jpg,46.2927722669726
image_1146.jpg,32.904216418679205
image_1147.jpg,24.675682962451038
image_1148.jpg,56.50538957548803
image_1149.jpg,66.10263596867681
image_115.jpg,20.307744263200956
image_1150.jpg,52.57718414933993
image_1151.jpg,24.955726871064424
image_1152.jpg,49.95998989695806
image_1153.jpg,30.142849745327595
image_1154.jpg,30.07583840879036
image_1155.jpg,4.528336787516608
image_1156.jpg,9.39469777763731
image_1157.jpg,47.13217099726415
image_1158.jpg,23.270870662190465
image_1159.jpg,1.5519445467225879
image_116.jpg,11.312770516181189
image_1160.jpg,36.90616453023957
image_1161.jpg,28.069456966070053
image_1162.jpg,8.95663137985453
image_1163.jpg,85.51807855851428
image_1164.jpg,51.61637140987037
image_1165.jpg,66.94813533822649
image_1166.jpg,51.90348605531117
image_1167.jpg,24.245862857605715
image_1168.jpg,9.763309522626896
image_1169.jpg,10.043748646125698
image_117.jpg,11.601343968905908
image_1170.jpg,4.631046763435182
image_1171.jpg,4.673209407292664
image_1172.jpg,44.900938268622376
image_1173.jpg,64.95684222674593
image_1174.jpg,58.14943876747858
image_1175.jpg,11.76716085558804
image_1176.jpg,82.14365711398365
image_1177.jpg,50.45209296940917
image_1178.jpg,6.132860414883564
image_1179.jpg,52.23717912290132
image_118.jpg,67.52789169517564
image_1180.jpg,35.65174697492116
image_1181.jpg,32.64120811896671
image_1182.jpg,31.998563478224515
image_1183.jpg,63.721648608264104
image_1184.jpg,38.6905953564891
image_1185.jpg,38.692212942062994
image_1186.jpg,45.69998468553876
image_1187.jpg,6.8899358736550935
image_1188.jpg,10.641866335725576
image_1189.jpg,14.693261275316068
image_119.jpg,48.24887421711418
image_1190.jpg,59.47658953159182
image_1191.jpg,8.23986106435275
image_1192.jpg,47.53869335016012
image_1193.jpg,63.94694292215244
image_1194.jpg,25.261806039188183
image_1195.jpg,25.78376436994179
image_1196.jpg,10.402923783865274
image_1197.jpg,17.34179930034691
image_1198.jpg,14.492734542055361
image_1199.jpg,57.39409468445533
image_12.jpg,54.566369670267825
image_120.jpg,35.5615975003384
image_1200.jpg,72.22039634128747
image_1201.jpg,42.01399987110119
image_1202.jpg,31.858259986982905
image_1203.jpg,51.99060378381444
image_1204.jpg,33.65748596649126
image_1205.jpg,3.655133324435731
image_1206.jpg,56.96113614852637
image_1207.jpg,52.57601344577771
image_1208.jpg,46.160057719776525
image_1209.jpg,34.258472113883435
image_121.jpg,28.772335853459527
image_1210.jpg,23.62672561310291
image_1211.jpg,65.68488617599344
image_1212.jpg,67.5612544332663
image_1213.jpg,70.62508889751079
image_1214.jpg,39.11511734802201
image_1215.jpg,57.40884432578963
image_1216.jpg,11.361090709660422
image_1217.jpg,1.1803669764460594
image_1218.jpg,56.909119692060244
image_1219.jpg,58.21666408487973
image_122.jpg,33.11067823369313
image_1220.jpg,27.379384323016637
image_1221.jpg,57.128762821778906
image_1222.jpg,65.9628751317055
image_1223.jpg,79.84031734569855
image_1224.jpg,1.2466847972642725
image_1225.jpg,75.45597552672402
image_1226.jpg,27.622042081591204
image_1227.jpg,42.038253635635584
image_1228.jpg,67.4309705653444
image_1229.jpg,20.2828934435986
image_123.jpg,12.355560081002205
image_1230.jpg,11.244870450793991
image_1231.jpg,58.86213354891564
image_1232.jpg,36.174740161826044
image_1233.jpg,19.356886401747783
image_1234.jpg,29.067719099085437
image_1235.jpg,50.66622210512035
image_1236.jpg,45.284130114361524
image_1237.jpg,17.466011498834
image_1238.jpg,7.716358422742118
image_1239.jpg,15.755295091468655
image_124.jpg,20.676289352574273
image_1240.jpg,27.499291601381643
image_1241.jpg,29.038264464375192
image_1242.jpg,63.77094297542816
image_1243.jpg,53.88988792087711
image_1244.jpg,28.349577038209805
image_1245.jpg,12.20760399546977
image_1246.jpg,28.24078672524381
image_1247.jpg,38.58689634346209
image_1248.jpg,41.332995861728854
image_1249.jpg,47.3482840704636
image_125.jpg,65.72709925231713
image_1250.jpg,4.700873464783676
image_1251.jpg,59.47604333084693
image_1252.jpg,45.21106703495662
image_1253.jpg,58.32214856167184
image_1254.jpg,36.66500606244772
image_1255.jpg,7.09957193257542
image_1256.jpg,49.72828932143123
image_1257.jpg,72.39632493807295
image_1258.jpg,48.8502717329101
image_1259.jpg,56.414573760834095
image_126.jpg,7.653027667006879
image_1260.jpg,55.763506354515606
image_1261.jpg,58.75868361070962
image_1262.jpg,3.6210353922260694
image_1263.jpg,32.05161086697662
image_1264.jpg,25.915625974876125
image_1265.jpg,43.993157506513164
image_1266.jpg,11.091234849912064
image_1267.jpg,49.76157027259592
image_1268.jpg,53.31090784542676
image_1269.jpg,34.32979840739497
image_127.jpg,25.164016191288056
image_1270.jpg,28.416423223767566
image_1271.jpg,44.784410406715416
image_1272.jpg,65.57568076540097
image_1273.jpg,47.73718648137066
image_1274.jpg,40.465650059126574
image_1275.jpg,35.981366342305826
image_1276.jpg,40.49484021028411
image_1277.jpg,49.08079984135801
image_1278.jpg,31.911636175848983
image_1279.jpg,31.135423022679223
image_128.jpg,12.625431964089563
image_1280.jpg,48.37795042106503
image_1281.jpg,86.46182353947852
image_1282.jpg,57.592244995567135
image_1283.jpg,62.38878180020586
image_1284.jpg,25.240247260426425
image_1285.jpg,70.90971492643536
image_1286.jpg,16.542282912692443
image_1287.jpg,15.38117659733417
image_1288.jpg,59.345903574890905
image_1289.jpg,64.16731560539141
image_129.jpg,35.057509537694386
image_1290.jpg,30.338089995459658
image_1291.jpg,50.12042505450376
image_1292.jpg,34.50894551926031
image_1293.jpg,23.416666092088022
image_1294.jpg,48.018942465430435
image_1295.jpg,56.46463222506913
image_1296.jpg,63.91215059967982
image_1297.jpg,26.135422835964263
image_1298.jpg,28.530273903514637
image_1299.jpg,51.26088797931569
image_13.jpg,58.44378891665758
image_130.jpg,10.696672251434885
image_1300.jpg,67.04624380327324
image_1301.jpg,22.526117447548007
image_1302.jpg,18.699740591513237
image_1303.jpg,32.46589153764668
image_1304.jpg,52.48057216468038
image_1305.jpg,50.135417093656685
image_1306.jpg,33.58232304869334
image_1307.jpg,2.103522976130565
image_1308.jpg,46.44672663324575
image_1309.jpg,45.62861143382522
image_131.jpg,54.88554154581538
image_1310.jpg,60.69419814745398
image_1311.jpg,42.80718667598927
image_1312.jpg,36.53183910606884
image_1313.jpg,62.689397897580285
image_1314.jpg,26.947357845495844
image_1315.jpg,36.93892753647054
image_1316.jpg,35.70385217544379
image_1317.jpg,38.5590767515232
image_1318.jpg,7.848500159367141
image_1319.jpg,35.6129181933128
image_132.jpg,53.550974631676276
image_1320.jpg,42.77671435567455
image_1321.jpg,61.22909418020782
image_1322.jpg,30.219242040601586
image_1323.jpg,15.246746161618994
image_1324.jpg,30.672191162934364
image_1325.jpg,8.13744512681316
image_1326.jpg,18.534082221962407
image_1327.jpg,58.84583206143671
image_1328.jpg,8.57482314698752
image_1329.jpg,28.18255108264597
image_133.jpg,48.580211664579565
image_1330.jpg,75.79991379038701
image_1331.jpg,35.15243467775118
image_1332.jpg,45.619898863126856
image_1333.jpg,61.862768420220426
image_1334.jpg,39.49531217242749
image_1335.jpg,55.184953440057335
image_1336.jpg,40.73519500121076
image_1337.jpg,45.455880299345324
image_1338.jpg,26.679136772009212
image_1339.jpg,3.7044679138115932
image_134.jpg,24.013192123521467
image_1340.jpg,24.492077685908964
image_1341.jpg,57.67465458326644
image_1342.jpg,27.350448613243373
image_1343.jpg,43.39235404360301
image_1344.jpg,2.2349068107206356
image_1345.jpg,49.63866198442531
image_1346.jpg,59.33925466176519
image_1347.jpg,27.30932629827649
image_1348.jpg,56.58895532072009
image_1349.jpg,51.632601794646064
image_135.jpg,9.050347641572978
image_1350.jpg,64.81440820470877
image_1351.jpg,37.05405787231428
image_1352.jpg,58.244114641925165
image_1353.jpg,33.490370636266256
image_1354.jpg,45.6615709429671
image_1355.jpg,39.02805364895486
image_1356.jpg,3.6070738958926185
image_1357.jpg,24.56291502309857
image_1358.jpg,43.35058743831564
image_1359.jpg,3.469986936111385
image_136.jpg,24.584782391612887
image_1360.jpg,24.068107927066674
image_1361.jpg,20.444374907069868
image_1362.jpg,46.927876750367126
image_1363.jpg,12.59522382092674
image_1364.jpg,57.60505773670147
image_1365.jpg,53.91362998959104
image_1366.jpg,40.32545544060694
image_1367.jpg,42.544209120815204
image_1368.jpg,69.71724585817422
image_1369.jpg,27.77183258586702
image_137.jpg,28.782502729463356
image_1370.jpg,25.407947920808624
image_1371.jpg,44.526916660818216
image_1372.jpg,33.57079148953251
image_1373.jpg,47.00818711247965
image_1374.jpg,25.77073557981396
image_1375.jpg,56.20461987125798
image_1376.jpg,10.410038236319195
image_1377.jpg,8.494004831894001
image_1378.jpg,57.253701717386406
image_1379.jpg,2.0497302534000994
image_138.jpg,32.69887856725565
image_1380.jpg,68.36883108103986
image_1381.jpg,3.441463581319906
image_1382.jpg,69.14530186526333
image_1383.jpg,66.70563238937234
image_1384.jpg,61.597514585289694
image_1385.jpg,67.47346738285192
image_1386.jpg,80.71567859289217
image_1387.jpg,4.706738808306182
image_1388.jpg,44.730705121252015
image_1389.jpg,42.77495283507133
image_139.jpg,17.67703778708152
image_1390.jpg,11.984843934374277
image_1391.jpg,23.466315187630148
image_1392.jpg,37.214531617652675
image_1393.jpg,9.051004397857453
image_1394.jpg,1.9104324077856016
image_1395.jpg,9.892712142549959
image_1396.jpg,47.328338719196076
image_1397.jpg,29.86571933249104
image_1398.jpg,61.137028890065515
image_1399.jpg,11.35232785259555
image_14.jpg,50.62606104214893
image_140.jpg,10.06104000008476
image_1400.jpg,66.89694935884562
image_1401.jpg,49.72367336551108
image_1402.jpg,69.99897533674921
image_1403.jpg,31.09786487045263
image_1404.jpg,28.082394741646567
image_1405.jpg,23.937334633406223
image_1406.jpg,56.73448884376979
image_1407.jpg,30.19574865734215
image_1408.jpg,40.80213120990068
image_1409.jpg,2.296628211080737
image_141.jpg,57.32436241834481
image_1410.jpg,7.880588283149258
image_1411.jpg,1.8903512467919157
image_1412.jpg,51.39484070326896
image_1413.jpg,13.360668276351973
image_1414.jpg,38.1373721310618
image_1415.jpg,16.137883309017912
image_1416.jpg,40.3447379554553
image_1417.jpg,47.178331051700866
image_1418.jpg,29.435714674680593
image_1419.jpg,13.631418498093156
image_142.jpg,1.5770163217435875
image_1420.jpg,30.226084082284782
image_1421.jpg,49.3751264794557
image_1422.jpg,72.78215975380611
image_1423.jpg,32.365585843600236
image_1424.jpg,30.065917895021443
image_1425.jpg,5.523034754278832
image_1426.jpg,9.564597517787718
image_1427.jpg,46.98431414512198
image_1428.jpg,9.674710287199394
image_1429.jpg,7.695259481830864
image_143.jpg,21.928818794841618
image_1430.jpg,23.68816874025482
image_1431.jpg,8.226101359661369
image_1432.jpg,8.20979963593858
image_1433.jpg,33.17953389283713
image_1434.jpg,10.97861742800544
image_1435.jpg,39.02279861198982
image_1436.jpg,38.757329493595314
image_1437.jpg,57.30513174632588
image_1438.jpg,35.21235274117557
image_1439.jpg,42.926187258235835
image_144.jpg,12.453204960268906
image_1440.jpg,40.92454850883331
image_1441.jpg,45.35208608366619
image_1442.jpg,7.628977935216935
image_1443.jpg,35.979554704343826
image_1444.jpg,1.3140185842261
image_1445.jpg,28.628834726151
image_1446.jpg,64.75460636342744
image_1447.jpg,3.6279234255353643
image_1448.jpg,49.89623981178042
image_1449.jpg,28.28034695046162
image_145.jpg,10.399762405004132
image_1450.jpg,1.2788942767425244
image_1451.jpg,26.532767665560385
image_1452.jpg,35.18124547617515
image_1453.jpg,39.87187155782314
image_1454.jpg,26.566035318146884
image_1455.jpg,62.280590238770436
image_1456.jpg,45.838404295596064
image_1457.jpg,68.97526375863758
image_1458.jpg,24.870878783154055
image_1459.jpg,48.96408793132715
image_146.jpg,55.411897555258605
image_1460.jpg,43.474760134354746
image_1461.jpg,73.55828733754517
image_1462.jpg,39.337646566046054
image_1463.jpg,3.0939484544213562
image_1464.jpg,25.380565559337565
image_1465.jpg,67.96950794681527
image_1466.jpg,12.557048487125536
image_1467.jpg,32.27296308192437
image_1468.jpg,31.286462827686734
image_1469.jpg,26.58653548679206
image_147.jpg,25.241870939312097
image_1470.jpg,31.736939883375594
image_1471.jpg,41.58140571202275
image_1472.jpg,62.83272757307979
image_1473.jpg,28.300096560280547
image_1474.jpg,26.258421628009145
image_1475.jpg,68.84039109721571
image_1476.jpg,75.6833632572239
image_1477.jpg,71.09813159183174
image_1478.jpg,51.94119896757426
image_1479.jpg,34.94569360372845
image_148.jpg,34.63743001296881
image_1480.jpg,31.71055887882402
image_1481.jpg,11.038378873813501
image_1482.jpg,9.610238316356854
image_1483.jpg,46.75098284850096
image_1484.jpg,29.760752916153745
image_1485.jpg,76.22293459698194
image_1486.jpg,46.52751677431007
image_1487.jpg,29.26655224827911
image_1488.jpg,63.050618435087266
image_1489.jpg,23.12283982568137
image_149.jpg,53.27835565723668
image_1490.jpg,17.014951573758285
image_1491.jpg,29.516272515042942
image_1492.jpg,27.832596663553375
image_1493.jpg,17.980501090859637
image_1494.jpg,45.58276298507209
image_1495.jpg,75.16090618438277
image_1496.jpg,22.345041805524403
image_1497.jpg,54.62300691567305
image_1498.jpg,31.211470380751468
image_1499.jpg,26.785853468031817
image_15.jpg,39.61702719652788
image_150.jpg,7.265917520275582
image_1500.jpg,40.66629381423746
image_1501.jpg,45.076700791460816
image_1502.jpg,40.64073518973381
image_1503.jpg,8.993663776092278
image_1504.jpg,59.275233890296256
image_1505.jpg,67.02923766054921
image_1506.jpg,74.8279479761942
image_1507.jpg,48.640000303197915
image_1508.jpg,52.878489200545665
image_1509.jpg,61.74576525622863
image_151.jpg,66.87689002556426
image_1510.jpg,42.541940610704465
image_1511.jpg,67.00367478250396
image_1512.jpg,38.91076269172567
image_1513.jpg,43.147033405044255
image_1514.jpg,37.118224859168926
image_1515.jpg,32.14904633842186
image_1516.jpg,49.11748785127835
image_1517.jpg,30.93163490344287
image_1518.jpg,37.96327967219977
image_1519.jpg,20.159879275438893
image_152.jpg,1.0384572386944815
image_1520.jpg,25.57783127466581
image_1521.jpg,19.173811451811194
image_1522.jpg,58.166549653530325
image_1523.jpg,25.28453776237816
image_1524.jpg,75.69690501436634
image_1525.jpg,39.820482634429965
image_1526.jpg,8.691596613862941
image_1527.jpg,40.78845614194572
image_1528.jpg,51.8098356333085
image_1529.jpg,29.239867911832885
image_153.jpg,22.783372316277177
image_1530.jpg,38.172741104264965
image_1531.jpg,40.83255456980498
image_1532.jpg,49.17938107445952
image_1533.jpg,36.44620724805865
image_1534.jpg,56.181290278565974
image_1535.jpg,24.154181687851132
image_1536.jpg,21.747542582378546
image_1537.jpg,62.43015951699454
image_1538.jpg,35.30955560336175
image_1539.jpg,57.93919020224047
image_154.jpg,83.9818723012614
image_1540.jpg,2.318509515974599
image_1541.jpg,30.9383592440131
image_1542.jpg,72.38933560478681
image_1543.jpg,60.50367535345293
image_1544.jpg,22.03728733790973
image_1545.jpg,62.608878052043345
image_1546.jpg,29.64671996855273
image_1547.jpg,22.81548965765865
image_1548.jpg,35.073904296787624
image_1549.jpg,58.28044173611094
image_155.jpg,9.450368480181773
image_1550.jpg,16.66392234231681
image_1551.jpg,1.9740214118870512
image_1552.jpg,52.62817908866367
image_1553.jpg,39.01683493132732
image_1554.jpg,38.451153503611145
image_1555.jpg,40.38111406590101
image_1556.jpg,19.855180654299073
image_1557.jpg,31.151339555354998
image_1558.jpg,39.853191067946874
image_1559.jpg,23.801968141055003
image_156.jpg,66.8561878179681
image_1560.jpg,63.64662613865958
image_1561.jpg,38.507026713437114
image_1562.jpg,67.19438138999482
image_1563.jpg,70.9182905182007
image_1564.jpg,42.26745397730431
image_1565.jpg,9.547172524654156
image_1566.jpg,48.020709996606286
image_1567.jpg,55.72949320959214
image_1568.jpg,17.401907607876755
image_1569.jpg,23.93238862212552
image_157.jpg,47.28592801362718
image_1570.jpg,11.77713106931571
image_1571.jpg,21.88568504221897
image_1572.jpg,43.75686471175866
image_1573.jpg,1.0821030123069377
image_1574.jpg,28.89332442994933
image_1575.jpg,64.90232988367772
image_1576.jpg,27.93494355544385
image_1577.jpg,13.07401559706521
image_1578.jpg,48.30535372074572
image_1579.jpg,7.7710869388139825
image_158.jpg,31.862149829892974
image_1580.jpg,2.6831554140102063
image_1581.jpg,48.61972054382358
image_1582.jpg,67.8879247426861
image_1583.jpg,32.368188012536855
image_1584.jpg,4.656939426070321
image_1585.jpg,54.22678978597412
image_1586.jpg,71.72859280235105
image_1587.jpg,68.09857302602414
image_1588.jpg,23.327542819394196
image_1589.jpg,35.01336072077435
image_159.jpg,6.26235218152357
image_1590.jpg,39.55590704596474
image_1591.jpg,11.680168417692798
image_1592.jpg,13.838265690111244
image_1593.jpg,26.961972805418508
image_1594.jpg,29.170963653112484
image_1595.jpg,50.04098404398539
image_1596.jpg,20.980440677925603
image_1597.jpg,1.572539965121403
image_1598.jpg,57.99976607729905
image_1599.jpg,60.6274054470063
image_16.jpg,59.11019879605695
image_160.jpg,7.842639676057516
image_1600.jpg,4.555918668668433
image_1601.jpg,14.503740320507362
image_1602.jpg,79.45448735302892
image_1603.jpg,70.57261686768445
image_1604.jpg,65.77884591937351
image_1605.jpg,57.31332240604532
image_1606.jpg,60.1780900413803
image_1607.jpg,1.810380564996663
image_1608.jpg,26.629375718201242
image_1609.jpg,57.49326356233022
image_161.jpg,29.94308410877864
image_1610.jpg,76.26569719300498
image_1611.jpg,57.92989026691598
image_1612.jpg,68.76316301787
image_1613.jpg,14.860757163291362
image_1614.jpg,53.0163000922866
image_1615.jpg,45.256451311384865
image_1616.jpg,14.63318293290064
image_1617.jpg,70.15423593783855
image_1618.jpg,36.97863780366779
image_1619.jpg,37.96997489699145
image_162.jpg,13.384735311272246
image_1620.jpg,65.02165383713556
image_1621.jpg,32.55710257607053
image_1622.jpg,72.33713065700941
image_1623.jpg,37.37092936495887
image_1624.jpg,55.5217616507042
image_1625.jpg,26.782302572560713
image_1626.jpg,43.74835360187412
image_1627.jpg,65.19574073836101
image_1628.jpg,40.21918234358811
image_1629.jpg,11.413233668059036
image_163.jpg,47.68400377351795
image_1630.jpg,1.8583031278144257
image_1631.jpg,60.201028154967844
image_1632.jpg,73.15416985873837
image_1633.jpg,68.84468866788451
image_1634.jpg,45.53942117783495
image_1635.jpg,29.1606655923709
image_1636.jpg,65.10841738050702
image_1637.jpg,4.260223575408152
image_1638.jpg,22.16894435818615
image_1639.jpg,21.730833080041975
image_164.jpg,13.073606049268923
image_1640.jpg,26.872531490740474
image_1641.jpg,28.478440602930025
image_1642.jpg,10.43219804570334
image_1643.jpg,12.526254196273252
image_1644.jpg,57.56186554152043
image_1645.jpg,60.285089830530175
image_1646.jpg,11.746504004933271
image_1647.jpg,31.485730829517866
image_1648.jpg,76.54380862793211
image_1649.jpg,52.48241669610983
image_165.jpg,64.19363014242073
image_1650.jpg,11.190480381070614
image_1651.jpg,51.081808480679946
image_1652.jpg,8.247158550655632
image_1653.jpg,30.107770745849326
image_1654.jpg,25.783281707515
image_1655.jpg,16.4106326994166
image_1656.jpg,24.229107989550993
image_1657.jpg,16.27102982299586
image_1658.jpg,62.47229399701089
image_1659.jpg,71.9354497342673
image_166.jpg,59.19514554307019
image_1660.jpg,47.030714710867585
image_1661.jpg,2.7127685297177826
image_1662.jpg,33.80877372552783
image_1663.jpg,58.543655685812524
image_1664.jpg,7.808523473332535
image_1665.jpg,50.5233325684255
image_1666.jpg,38.51883077752414
image_1667.jpg,69.58603647696286
image_1668.jpg,44.11129695552586
image_1669.jpg,50.03928077779633
image_167.jpg,37.71363195706951
image_1670.jpg,56.33875493374027
image_1671.jpg,9.820581646228044
image_1672.jpg,45.910472914925215
image_1673.jpg,3.2430610292568383
image_1674.jpg,54.324830143240796
image_1675.jpg,50.367900678483274
image_1676.jpg,54.266753710100666
image_1677.jpg,50.715512525839785
image_1678.jpg,34.40020589627413
image_1679.jpg,45.898007057635475
image_168.jpg,53.60882962718339
image_1680.jpg,29.64329079169589
image_1681.jpg,34.72868387607033
image_1682.jpg,44.4250020656825
image_1683.jpg,23.945515966206216
image_1684.jpg,6.526231133879764
image_1685.jpg,1.6295898866160268
image_1686.jpg,3.1047390093717815
image_1687.jpg,43.95190628256472
image_1688.jpg,9.840608358375162
image_1689.jpg,27.907281981680956
image_169.jpg,7.366580693519151
image_1690.jpg,60.192435784126396
image_1691.jpg,37.072287986088675
image_1692.jpg,30.03714331536828
image_1693.jpg,17.738942696461294
image_1694.jpg,20.69240273301928
image_1695.jpg,28.741654936370793
image_1696.jpg,27.617580367198826
image_1697.jpg,65.63277621038766
image_1698.jpg,38.63228406037426
image_1699.jpg,70.44795399940897
image_17.jpg,84.19095886039024
image_170.jpg,34.577160878902056
image_1700.jpg,59.30714292099102
image_1701.jpg,61.19355226822726
image_1702.jpg,39.49659486756662
image_1703.jpg,46.70577477150641
image_1704.jpg,30.149941549619598
image_1705.jpg,31.262200028837327
image_1706.jpg,71.15640421865025
image_1707.jpg,3.9700165975917208
image_1708.jpg,1.2026777014022965
image_1709.jpg,53.56914516359631
image_171.jpg,66.31425979617836
image_1710.jpg,27.065117347274082
image_1711.jpg,60.90280708218872
image_1712.jpg,44.94653170901267
image_1713.jpg,69.74322376942938
image_1714.jpg,26.51513478082227
image_1715.jpg,38.263526769502946
image_1716.jpg,9.476289256966636
image_1717.jpg,14.382361786649469
image_1718.jpg,22.64401846104023
image_1719.jpg,73.99861753118222
image_172.jpg,65.85447359979382
image_1720.jpg,58.215129010745635
image_1721.jpg,50.80861387805981
image_1722.jpg,12.657879132701668
image_1723.jpg,3.3647396062085804
image_1724.jpg,27.50999586543672
image_1725.jpg,7.7648293140775735
image_1726.jpg,60.1894010508525
image_1727.jpg,74.29630724059946
image_1728.jpg,3.6546887807101647
image_1729.jpg,62.72880796193715
image_173.jpg,27.333374069410677
image_1730.jpg,14.43908838014883
image_1731.jpg,10.98655927972169
image_1732.jpg,58.95238388249273
image_1733.jpg,31.519635407244937
image_1734.jpg,36.67639026697112
image_1735.jpg,28.90988285864871
image_1736.jpg,55.09365983415662
image_1737.jpg,5.006276231989743
image_1738.jpg,46.21607065381705
image_1739.jpg,30.485968206856437
image_174.jpg,14.816435357854983
image_1740.jpg,48.27370362810567
image_1741.jpg,14.588399485599036
image_1742.jpg,64.68101586452848
image_1743.jpg,3.726646368977375
image_1744.jpg,32.560789739185964
image_1745.jpg,46.073638157748825
image_1746.jpg,5.756946228900408
image_1747.jpg,25.353322589452983
image_1748.jpg,36.41562578529598
image_1749.jpg,10.533278066784135
image_175.jpg,27.509043456104248
image_1750.jpg,61.217863144857574
image_1751.jpg,13.906189952506738
image_1752.jpg,8.26383171528459
image_1753.jpg,43.42766075313401
image_1754.jpg,46.61550324864407
image_1755.jpg,70.98415040910758
image_1756.jpg,48.38074064832852
image_1757.jpg,51.597158031335006
image_1758.jpg,48.30216577471803
image_1759.jpg,67.82108195279956
image_176.jpg,32.20059212548532
image_1760.jpg,76.5447568616841
image_1761.jpg,38.2834564625595
image_1762.jpg,29.423575829861974
image_1763.jpg,11.38599737828158
image_1764.jpg,24.527635742079195
image_1765.jpg,20.97184452842662
image_1766.jpg,65.5707425227226
image_1767.jpg,60.05994045576463
image_1768.jpg,48.74044254158279
image_1769.jpg,73.32399750538023
image_177.jpg,31.847298859249864
image_1770.jpg,69.80021949285192
image_1771.jpg,27.88935952724295
image_1772.jpg,23.846707012546847
image_1773.jpg,56.36113885701433
image_1774.jpg,67.34998432689221
image_1775.jpg,76.4059332645923
image_1776.jpg,3.4809349210449887
image_1777.jpg,0.8489427316525825
image_1778.jpg,48.9225666875077
image_1779.jpg,63.702480744060075
image_178.jpg,49.711764481521044
image_1780.jpg,9.363829350228274
image_1781.jpg,21.35660303503954
image_1782.jpg,23.46405164351451
image_1783.jpg,55.172078801830395
image_1784.jpg,53.470109766629
image_1785.jpg,4.944987032676366
image_1786.jpg,1.308094148312982
image_1787.jpg,59.06512061426639
image_1788.jpg,23.52293724272158
image_1789.jpg,63.98270179097839
image_179.jpg,47.83277591913997
image_1790.jpg,61.011337240292825
image_1791.jpg,72.16211624649246
image_1792.jpg,63.89052513418573
image_1793.jpg,6.51657536343027
image_1794.jpg,78.19395114498097
image_1795.jpg,18.183585252690403
image_1796.jpg,42.8725384111392
image_1797.jpg,24.430594502895882
image_1798.jpg,29.40193189660334
image_1799.jpg,27.16160099639843
image_18.jpg,35.01818341562912
image_180.jpg,27.726743241921525
image_1800.jpg,40.38327161112281
image_1801.jpg,56.971977728675846
image_1802.jpg,33.7625826797962
image_1803.jpg,70.87487057466124
image_1804.jpg,40.88950997154214
image_1805.jpg,59.93311882179896
image_1806.jpg,69.28640724913278
image_1807.jpg,2.899010933353724
image_1808.jpg,14.133150933286942
image_1809.jpg,85.11897815788994
image_181.jpg,86.35060978979958
image_1810.jpg,30.408899612000187
image_1811.jpg,32.59861487880354
image_1812.jpg,67.88098488503066
image_1813.jpg,14.018519934297663
image_1814.jpg,23.851225049527685
image_1815.jpg,7.633175786044177
image_1816.jpg,32.48550545651977
image_1817.jpg,38.8081365256303
image_1818.jpg,11.376319628757132
image_1819.jpg,71.07794919658288
image_182.jpg,55.31417464239892
image_1820.jpg,62.44988234988125
image_1821.jpg,56.53179674054682
image_1822.jpg,69.29700050625922
image_1823.jpg,73.0512943145048
image_1824.jpg,11.055469342333895
image_1825.jpg,53.4459196518898
image_1826.jpg,20.440255673312986
image_1827.jpg,6.137293724970045
image_1828.jpg,64.13828818877859
image_1829.jpg,31.974543233014174
image_183.jpg,53.3776286500153
image_1830.jpg,14.982938051548446
image_1831.jpg,17.005108510103682
image_1832.jpg,66.5548288402992
image_1833.jpg,67.0398847170654
image_1834.jpg,45.64545834838119
image_1835.jpg,28.104984437196524
image_1836.jpg,25.616960577688676
image_1837.jpg,24.17895868002095
image_1838.jpg,68.04484849471457
image_1839.jpg,34.71574938367553
image_184.jpg,70.44615638930817
image_1840.jpg,65.73909743196829
image_1841.jpg,2.9686049094922162
image_1842.jpg,33.234578967913215
image_1843.jpg,7.274705871949645
image_1844.jpg,47.99523671114625
image_1845.jpg,34.105384636358984
image_1846.jpg,58.172249767563564
image_1847.jpg,57.22178341420195
image_1848.jpg,35.551405022151876
image_1849.jpg,66.88908659213872
image_185.jpg,1.5125574445778607
image_1850.jpg,62.7721082359112
image_1851.jpg,19.556613927886627
image_1852.jpg,35.00238659938157
image_1853.jpg,27.95981977639236
image_1854.jpg,66.83581867283571
image_1855.jpg,16.350731930767775
image_1856.jpg,58.2259831571213
image_1857.jpg,13.827106796902404
image_1858.jpg,32.05862021315021
image_1859.jpg,61.936699513516565
image_186.jpg,31.136061611275238
image_1860.jpg,38.56731436032235
image_1861.jpg,68.48416999614325
image_1862.jpg,53.72618113767359
image_1863.jpg,38.991380061517184
image_1864.jpg,45.37469376983102
image_1865.jpg,26.093195914120063
image_1866.jpg,60.456569662894196
image_1867.jpg,25.2480791248415
image_1868.jpg,39.258944530362065
image_1869.jpg,8.065053809744548
image_187.jpg,35.61122008061847
image_1870.jpg,35.04421808819799
image_1871.jpg,56.352950382742414
image_1872.jpg,55.12018966012098
image_1873.jpg,32.308902811632976
image_1874.jpg,43.303737273412345
image_1875.jpg,48.755990831904874
image_1876.jpg,23.906774114286986
image_1877.jpg,35.78833404903798
image_1878.jpg,59.45563910303463
image_1879.jpg,17.46700536558717
image_188.jpg,51.66749036757222
image_1880.jpg,24.199083405828357
image_1881.jpg,5.547087796175262
image_1882.jpg,49.32880180208043
image_1883.jpg,63.70051971963425
image_1884.jpg,29.838730577453763
image_1885.jpg,59.86368598973891
image_1886.jpg,68.5900709208878
image_1887.jpg,65.47521957020136
image_1888.jpg,68.59663975112262
image_1889.jpg,65.56619988464404
image_189.jpg,66.03496585830027
image_1890.jpg,31.806130612735625
image_1891.jpg,1.9765225537809599
image_1892.jpg,8.938592180414295
image_1893.jpg,69.62797415500883
image_1894.jpg,51.03623342707356
image_1895.jpg,1.2110313735935492
image_1896.jpg,74.62814749861447
image_1897.jpg,63.05608105899208
image_1898.jpg,57.417178047748656
image_1899.jpg,25.557309743205476
image_19.jpg,12.429914247976129
image_190.jpg,34.96283723927933
image_1900.jpg,64.33578790908165
image_1901.jpg,29.89523619636204
image_1902.jpg,58.0576861822536
image_1903.jpg,30.971687731768352
image_1904.jpg,26.275768592080397
image_1905.jpg,11.752041089196998
image_1906.jpg,59.30623047014516
image_1907.jpg,54.073035160879726
image_1908.jpg,70.21979799491757
image_1909.jpg,4.7072742416552105
image_191.jpg,27.99426986243221
image_1910.jpg,32.24256181967515
image_1911.jpg,9.306992068928539
image_1912.jpg,1.3527890822614854
image_1913.jpg,51.22202571037291
image_1914.jpg,37.1312683561739
image_1915.jpg,37.31125888670173
image_1916.jpg,40.75047843516199
image_1917.jpg,43.37473489858353
image_1918.jpg,29.71455286931736
image_1919.jpg,5.015308563057668
image_192.jpg,34.94290045463739
image_1920.jpg,43.23221219588647
image_1921.jpg,34.14611960729466
image_1922.jpg,53.25106409709207
image_1923.jpg,43.630274395000164
image_1924.jpg,59.45656603759236
image_1925.jpg,30.381275903737333
image_1926.jpg,22.45867644334504
image_1927.jpg,73.66849898578369
image_1928.jpg,33.398910956675515
image_1929.jpg,28.322994101819393
image_193.jpg,38.15347933351379
image_1930.jpg,63.36660170525331
image_1931.jpg,17.98413152997485
image_1932.jpg,15.425794151391093
image_1933.jpg,63.30226348056655
image_1934.jpg,57.399480096298845
image_1935.jpg,29.994668563873606
image_1936.jpg,5.637346299338148
image_1937.jpg,58.398605930095776
image_1938.jpg,33.882854369200956
image_1939.jpg,75.39756450073652
image_194.jpg,3.219061077899321
image_1940.jpg,65.31006999708086
image_1941.jpg,10.360559452298068
image_1942.jpg,1.1769279481024053
image_1943.jpg,7.977616331152279
image_1944.jpg,58.207965708056406
image_1945.jpg,39.41664883171896
image_1946.jpg,27.920166401216516
image_1947.jpg,57.47741415144154
image_1948.jpg,48.068996947899336
image_1949.jpg,63.88213549538468
image_195.jpg,8.533365462810456
image_196.jpg,18.195304247921587
image_197.jpg,10.418270893379171
image_198.jpg,84.26348543230557
image_199.jpg,41.29990628902548
image_2.jpg,70.88946302298089
image_20.jpg,75.44477269698187
image_200.jpg,12.088798301518386
image_201.jpg,82.17850714192988
image_202.jpg,50.224334069522776
image_203.jpg,68.99149006809276
image_204.jpg,28.154386733167886
image_205.jpg,61.451719770900674
image_206.jpg,27.30285739441672
image_207.jpg,52.953188766034465
image_208.jpg,23.708466556065954
image_209.jpg,26.661306017407867
image_21.jpg,9.309139841474058
image_210.jpg,58.47599612385515
image_211.jpg,59.45589143315886
image_212.jpg,50.8684054471473
image_213.jpg,30.55535841077837
image_214.jpg,42.58413396250082
image_215.jpg,26.950970596008347
image_216.jpg,39.436632200636325
image_217.jpg,38.66416954406844
image_218.jpg,60.48178102934539
image_219.jpg,10.818681333017912
image_22.jpg,38.34375121524592
image_220.jpg,34.116283544332695
image_221.jpg,30.01555167959746
image_222.jpg,19.459571928789817
image_223.jpg,63.57096346866721
image_224.jpg,26.696430535781204
image_225.jpg,61.44077070932433
image_226.jpg,64.4151928513797
image_227.jpg,78.81261759918716
image_228.jpg,70.71977015776271
image_229.jpg,53.36424311583436
image_23.jpg,31.12640791364571
image_230.jpg,59.4127447668852
image_231.jpg,38.506048955632984
image_232.jpg,77.23493803940822
image_233.jpg,49.73127624692058
image_234.jpg,36.53495184504241
image_235.jpg,45.220786151921395
image_236.jpg,78.59986013938553
image_237.jpg,63.07102399062211
image_238.jpg,29.666571827026473
image_239.jpg,7.961104438472309
image_24.jpg,50.09567575100323
image_240.jpg,49.137684828403
image_241.jpg,40.991211840608976
image_242.jpg,28.357144269004134
image_243.jpg,24.634889685756207
image_244.jpg,16.527492734196727
image_245.jpg,29.892979710471682
image_246.jpg,50.869085077383545
image_247.jpg,40.75907584592917
image_248.jpg,1.2717082785233582
image_249.jpg,36.61050863560195
image_25.jpg,64.77122103577756
image_250.jpg,43.7333376986459
image_251.jpg,23.114934554993614
image_252.jpg,6.070958116190513
image_253.jpg,34.406025815055735
image_254.jpg,19.35606916749083
image_255.jpg,51.734721262127685
image_256.jpg,14.465636257877733
image_257.jpg,40.33996228211408
image_258.jpg,51.161620152192704
image_259.jpg,71.37891994584128
image_26.jpg,30.406595486786475
image_260.jpg,42.28459602201195
image_261.jpg,30.45388969986091
image_262.jpg,24.252693197440625
image_263.jpg,24.308317905927925
image_264.jpg,27.70491828804011
image_265.jpg,57.79452929713988
image_266.jpg,49.087739087968885
image_267.jpg,6.743039667309944
image_268.jpg,26.519578413956324
image_269.jpg,57.599938606402326
image_27.jpg,8.505217657935136
image_270.jpg,12.530790153373802
image_271.jpg,4.905087458077865
image_272.jpg,60.082068453550995
image_273.jpg,33.779391606376045
image_274.jpg,68.90704299712021
image_275.jpg,21.454434083279324
image_276.jpg,33.26673677994571
image_277.jpg,26.5777868414871
image_278.jpg,22.060617290902357
image_279.jpg,38.713254102031584
image_28.jpg,9.599213085617665
image_280.jpg,46.6072902252565
image_281.jpg,57.715882018845996
image_282.jpg,10.421968309949044
image_283.jpg,34.96466383979584
image_284.jpg,63.27876595766838
image_285.jpg,45.11927003866818
image_286.jpg,27.920103038940198
image_287.jpg,15.934708893165547
image_288.jpg,61.295984223330585
image_289.jpg,34.94877008193438
image_29.jpg,24.942100663453363
image_290.jpg,52.83793573745957
image_291.jpg,30.701330618006324
image_292.jpg,1.7355163941221363
image_293.jpg,24.879849407016412
image_294.jpg,13.438586631241336
image_295.jpg,33.82149352777075
image_296.jpg,1.3910447966571293
image_297.jpg,41.01023863526404
image_298.jpg,18.550712428635872
image_299.jpg,27.40555090501005
image_3.jpg,57.747014155456235
image_30.jpg,56.58218372275541
image_300.jpg,25.499291960668327
image_301.jpg,7.390591045802954
image_302.jpg,70.51603381716056
image_303.jpg,80.04936593220383
image_304.jpg,48.53479204002219
image_305.jpg,54.627484748773476
image_306.jpg,29.185759999946793
image_307.jpg,51.33033169511515
image_308.jpg,55.85311239997262
image_309.jpg,25.121092186357675
image_31.jpg,5.964883186788744
image_310.jpg,7.859205995261732
image_311.jpg,30.13836920726548
image_312.jpg,31.03892570264375
image_313.jpg,42.28385112341618
image_314.jpg,58.749478066339584
image_315.jpg,27.393575844580813
image_316.jpg,35.95291761546398
image_317.jpg,68.46161262573294
image_318.jpg,9.688278196549225
image_319.jpg,72.87447271978355
image_32.jpg,66.12890193735848
image_320.jpg,45.98854717427944
image_321.jpg,59.597492177649336
image_322.jpg,56.19369171903222
image_323.jpg,38.704840865241344
image_324.jpg,35.234130725103284
image_325.jpg,75.32185414464634
image_326.jpg,72.25130891536992
image_327.jpg,68.3416357121735
image_328.jpg,59.585162256147704
image_329.jpg,21.86490271993767
image_33.jpg,27.58329224502665
image_330.jpg,60.69923751798413
image_331.jpg,53.496616988048224
image_332.jpg,67.95290896500951
image_333.jpg,1.360854115474659
image_334.jpg,37.641139585219456
image_335.jpg,30.611784620940444
image_336.jpg,73.70558298790723
image_337.jpg,56.277030002104674
image_338.jpg,59.94809336393513
image_339.jpg,41.829726659921924
image_34.jpg,56.70041605364799
image_340.jpg,42.58310716798352
image_341.jpg,42.974051893688035
image_342.jpg,45.112788491073125
image_343.jpg,16.83943695098595
image_344.jpg,62.93728249934384
image_345.jpg,74.99060467107121
image_346.jpg,6.773991675288303
image_347.jpg,60.47605696605128
image_348.jpg,35.322246710526734
image_349.jpg,26.711534434428746
image_35.jpg,5.631375508718449
image_350.jpg,29.737038845684097
image_351.jpg,73.21904414655637
image_352.jpg,37.5182806895036
image_353.jpg,33.57921202065554
image_354.jpg,36.0283485911221
image_355.jpg,1.9504691156127432
image_356.jpg,28.887032981139
image_357.jpg,4.281116051016267
image_358.jpg,30.995571605238865
image_359.jpg,75.31809451426703
image_36.jpg,32.309213591863866
image_360.jpg,25.263835806388503
image_361.jpg,40.315406387025135
image_362.jpg,60.330024431254145
image_363.jpg,56.37724673149611
image_364.jpg,11.57300578194842
image_365.jpg,55.6768303516178
image_366.jpg,27.556965670023583
image_367.jpg,48.006247344411946
image_368.jpg,59.84927062212279
image_369.jpg,61.401466795598616
image_37.jpg,56.3769867533962
image_370.jpg,25.768030115375385
image_371.jpg,54.008042046444814
image_372.jpg,49.42981313760031
image_373.jpg,35.14265194750556
image_374.jpg,39.08629295092737
image_375.jpg,12.039284144516216
image_376.jpg,68.93910335126543
image_377.jpg,10.958086285482723
image_378.jpg,70.30294231387305
image_379.jpg,51.74705594676812
image_38.jpg,8.735794300546077
image_380.jpg,60.090545286711325
image_381.jpg,38.60270011565861
image_382.jpg,18.171749458339594
image_383.jpg,70.21430729052109
image_384.jpg,32.19416265362503
image_385.jpg,71.34341008645077
image_386.jpg,49.995155700024036
image_387.jpg,23.0960384350992
image_388.jpg,34.31485624756929
image_389.jpg,1.1936723032592742
image_39.jpg,26.2234636220483
image_390.jpg,28.57087813624334
image_391.jpg,18.002117376754047
image_392.jpg,9.492622937886471
image_393.jpg,31.210840686396235
image_394.jpg,5.731373817026032
image_395.jpg,7.649136054939642
image_396.jpg,30.768520276652414
image_397.jpg,18.2172886918178
image_398.jpg,16.544475361342794
image_399.jpg,38.15068321125827
image_4.jpg,33.25614926148478
image_40.jpg,74.6205803093699
image_400.jpg,60.49959839905464
image_401.jpg,57.79117937515179
image_402.jpg,31.075146411451986
image_403.jpg,50.33688339797002
image_404.jpg,63.31294564083735
image_405.jpg,31.638748190608457
image_406.jpg,33.77515562026875
image_407.jpg,3.8833653114511484
image_408.jpg,58.91315396700677
image_409.jpg,27.921495006179228
image_41.jpg,71.31900130193215
image_410.jpg,77.31458485486912
image_411.jpg,24.163774232604055
image_412.jpg,27.110370222611223
image_413.jpg,49.908099468101945
image_414.jpg,74.00426694280155
image_415.jpg,20.116041185612247
image_416.jpg,55.086902912004554
image_417.jpg,37.57889574735914
image_418.jpg,23.63355731825563
image_419.jpg,8.901073297330939
image_42.jpg,54.830472507446295
image_420.jpg,1.428714078372252
image_421.jpg,5.648275776065721
image_422.jpg,28.937621480703616
image_423.jpg,1.5726804980997262
image_424.jpg,75.45786506288508
image_425.jpg,5.048515042192257
image_426.jpg,70.41374212497325
image_427.jpg,26.633843645978562
image_428.jpg,41.79573772828092
image_429.jpg,24.132248285396813
image_43.jpg,66.00174019415579
image_430.jpg,26.83540867329877
image_431.jpg,24.21680613799501
image_432.jpg,73.68721545711531
image_433.jpg,32.84320133949421
image_434.jpg,76.10409396059325
image_435.jpg,25.18786224120814
image_436.jpg,74.18241708676655
image_437.jpg,27.07067328183629
image_438.jpg,68.03577491911281
image_439.jpg,13.501519695998768
image_44.jpg,48.3922251592104
image_440.jpg,30.17426934243711
image_441.jpg,32.115066270881336
image_442.jpg,33.995438419447346
image_443.jpg,24.325406626157463
image_444.jpg,56.5179116624202
image_445.jpg,24.699658955033886
image_446.jpg,10.3791459797341
image_447.jpg,60.245323107041536
image_448.jpg,26.72853772852388
image_449.jpg,56.08616227760879
image_45.jpg,65.69608697158439
image_450.jpg,59.213563666300224
image_451.jpg,35.928467840820076
image_452.jpg,67.19850050094715
image_453.jpg,19.360365735758723
image_454.jpg,38.067323261218704
image_455.jpg,30.363742652218946
image_456.jpg,36.020012429400126
image_457.jpg,30.623467645462366
image_458.jpg,37.424025296724544
image_459.jpg,1.5669107833698135
image_46.jpg,20.952353752056087
image_460.jpg,32.62496562869676
image_461.jpg,33.193956957861
image_462.jpg,62.0102325701961
image_463.jpg,14.671085846738649
image_464.jpg,2.1926699289181903
image_465.jpg,79.30097381230834
image_466.jpg,46.55515017175177
image_467.jpg,78.66481646272398
image_468.jpg,60.87876844963233
image_469.jpg,43.05027566653171
image_47.jpg,71.6499834045962
image_470.jpg,24.059546230862537
image_471.jpg,28.878861148379098
image_472.jpg,49.193528922861766
image_473.jpg,16.717777298471905
image_474.jpg,47.924927994429375
image_475.jpg,25.540852140410355
image_476.jpg,77.80645126994753
image_477.jpg,24.38563791805487
image_478.jpg,1.5938231822070108
image_479.jpg,1.3069715272717985
image_48.jpg,31.519397294750163
image_480.jpg,43.61985156347467
image_481.jpg,33.133363387046195
image_482.jpg,61.0573984311602
image_483.jpg,22.66813761977292
image_484.jpg,8.547117155160235
image_485.jpg,60.28988071357215
image_486.jpg,43.48664173712843
image_487.jpg,7.764438391245062
image_488.jpg,38.04110697338919
image_489.jpg,67.50177175609936
image_49.jpg,4.297296202772053
image_490.jpg,14.453677612739583
image_491.jpg,56.69045855377863
image_492.jpg,72.04923869942634
image_493.jpg,69.92778578896942
image_494.jpg,14.266612487676278
image_495.jpg,56.060438494711626
image_496.jpg,29.97484195961643
image_497.jpg,17.035757229265382
image_498.jpg,21.68000712497903
image_499.jpg,44.673387809498045
image_5.jpg,67.89378552035363
image_50.jpg,51.487803206450145
image_500.jpg,4.280066176209393
image_501.jpg,72.41182300281451
image_502.jpg,81.05133848966251
image_503.jpg,40.33489176640706
image_504.jpg,33.35958604907865
image_505.jpg,59.704878121531465
image_506.jpg,31.51109738715422
image_507.jpg,13.255007618578603
image_508.jpg,42.92435776102257
image_509.jpg,48.10825267372831
image_51.jpg,26.280631701837496
image_510.jpg,79.96607008878097
image_511.jpg,20.46606335080925
image_512.jpg,52.98982949820542
image_513.jpg,1.1421585183158953
image_514.jpg,25.39649880738619
image_515.jpg,16.169407597841246
image_516.jpg,56.40471657366684
image_517.jpg,23.660707488291354
image_518.jpg,4.320237581878547
image_519.jpg,68.70372054485755
image_52.jpg,27.328958149622178
image_520.jpg,1.09955580959839
image_521.jpg,3.6455823373660294
image_522.jpg,83.05534426878812
image_523.jpg,60.90901232254674
image_524.jpg,28.33402767452789
image_525.jpg,27.287922831404966
image_526.jpg,13.608879675879907
image_527.jpg,58.263026242691886
image_528.jpg,43.59360084387604
image_529.jpg,35.743435103466986
image_53.jpg,37.06345013577954
image_530.jpg,70.848621056963
image_531.jpg,56.105210389729876
image_532.jpg,46.217110886020954
image_533.jpg,17.539867775037454
image_534.jpg,30.413130423598457
image_535.jpg,54.56239082971922
image_536.jpg,31.473238800319695
image_537.jpg,41.89778984219691
image_538.jpg,31.46887628173259
image_539.jpg,48.373760374667796
image_54.jpg,7.6231894316954865
image_540.jpg,49.10891908880175
image_541.jpg,68.07300932941506
image_542.jpg,9.06732105913762
image_543.jpg,46.72029032248302
image_544.jpg,65.31934313420483
image_545.jpg,8.56964941432272
image_546.jpg,69.40999283121191
image_547.jpg,25.157841016272084
image_548.jpg,11.088892787991304
image_549.jpg,31.993798597992903
image_55.jpg,32.38004934651756
image_550.jpg,80.46544264951072
image_551.jpg,75.53085622516579
image_552.jpg,32.0181529286074
image_553.jpg,38.930776639567874
image_554.jpg,49.974936304925116
image_555.jpg,81.62732040403951
image_556.jpg,4.387900013155142
image_557.jpg,65.6101900173487
image_558.jpg,42.38843359483793
image_559.jpg,62.15428139726271
image_56.jpg,47.823461682752395
image_560.jpg,55.18584499726828
image_561.jpg,54.54356491973319
image_562.jpg,27.520435352072298
image_563.jpg,60.24118646940051
image_564.jpg,7.528737089273918
image_565.jpg,51.43909275498246
image_566.jpg,18.040944540597028
image_567.jpg,67.22886715801849
image_568.jpg,40.33915882422898
image_569.jpg,2.262562297803221
image_57.jpg,32.324822040619786
image_570.jpg,14.842033016854808
image_571.jpg,26.75481545953349
image_572.jpg,51.7405939566969
image_573.jpg,24.98430166794509
image_574.jpg,59.974956507164194
image_575.jpg,31.395748922882078
image_576.jpg,41.767230876970835
image_577.jpg,43.87104581515868
image_578.jpg,46.77068311520759
image_579.jpg,70.55271958332618
image_58.jpg,7.991496580356025
image_580.jpg,73.23553936700219
image_581.jpg,38.60031860115609
image_582.jpg,76.81044006064114
image_583.jpg,11.790598822547459
image_584.jpg,56.70085756412811
image_585.jpg,28.433310593481135
image_586.jpg,51.67039494394182
image_587.jpg,48.836052122888844
image_588.jpg,63.940732637552316
image_589.jpg,52.337900499624396
image_59.jpg,54.70144530031522
image_590.jpg,22.25083396024367
image_591.jpg,56.729588813169435
image_592.jpg,66.88076084282503
image_593.jpg,28.58051796052669
image_594.jpg,71.31054967250502
image_595.jpg,30.21337440181667
image_596.jpg,48.38375635742349
image_597.jpg,51.6797864082045
image_598.jpg,61.513884216765916
image_599.jpg,70.33082419442808
image_6.jpg,16.318511614755028
image_60.jpg,43.67935379584359
image_600.jpg,36.0123996412618
image_601.jpg,24.347661567244018
image_602.jpg,66.68890477109836
image_603.jpg,72.72177046150858
image_604.jpg,56.24667923287166
image_605.jpg,47.845667663933966
image_606.jpg,9.115603217575618
image_607.jpg,51.72055428234461
image_608.jpg,44.806776604326245
image_609.jpg,34.02336324493094
image_61.jpg,41.85348741724312
image_610.jpg,31.44614865134547
image_611.jpg,57.42401787870861
image_612.jpg,12.779977284358294
image_613.jpg,68.99760881181959
image_614.jpg,34.184325408482465
image_615.jpg,52.509639493629656
image_616.jpg,46.032283542157664
image_617.jpg,61.84321427757963
image_618.jpg,55.39485496069614
image_619.jpg,33.88010100399298
image_62.jpg,15.152088128775794
image_620.jpg,9.390469958530572
image_621.jpg,35.9827484552029
image_622.jpg,25.47143355248059
image_623.jpg,10.409171662979725
image_624.jpg,10.805777286269587
image_625.jpg,68.78229129000624
image_626.jpg,1.0718623486477366
image_627.jpg,64.79264911094096
image_628.jpg,8.366588191718888
image_629.jpg,29.498231403097634
image_63.jpg,56.273825662031946
image_630.jpg,54.22635767546365
image_631.jpg,1.3991416400569605
image_632.jpg,25.41903326387103
image_633.jpg,40.88396547095388
image_634.jpg,23.523126981524797
image_635.jpg,22.136862264584824
image_636.jpg,31.30793371602607
image_637.jpg,25.71024345735434
image_638.jpg,49.683585121122086
image_639.jpg,34.908302688008355
image_64.jpg,28.59608888682582
image_640.jpg,38.46583418334255
image_641.jpg,27.586908606181385
image_642.jpg,33.971902005503615
image_643.jpg,1.4844047326863834
image_644.jpg,10.74236889063799
image_645.jpg,61.47298239731953
image_646.jpg,73.90182946910159
image_647.jpg,79.01704121486638
image_648.jpg,24.657444121847266
image_649.jpg,26.146207817866895
image_65.jpg,14.425093613578378
image_650.jpg,3.573760389629276
image_651.jpg,42.21961947955102
image_652.jpg,54.748944590402914
image_653.jpg,34.82115637937118
image_654.jpg,5.573731824640258
image_655.jpg,39.71714767557504
image_656.jpg,49.15472130504844
image_657.jpg,63.46090211627014
image_658.jpg,37.04198015036239
image_659.jpg,2.9925045267768624
image_66.jpg,59.54297058957351
image_660.jpg,5.607578469555366
image_661.jpg,70.62112318339746
image_662.jpg,28.109073191402405
image_663.jpg,22.91097772878909
image_664.jpg,25.63545473347723
image_665.jpg,24.548322226409468
image_666.jpg,20.56360085690645
image_667.jpg,62.15037071408437
image_668.jpg,55.1066904089543
image_669.jpg,45.88744906166181
image_67.jpg,27.551566444054846
image_670.jpg,22.526454153881858
image_671.jpg,29.43448491862341
image_672.jpg,32.1153840910437
image_673.jpg,59.660447692936906
image_674.jpg,62.99721766084007
image_675.jpg,2.4049167861370364
image_676.jpg,14.045491745531812
image_677.jpg,81.87063021472092
image_678.jpg,59.95606861626218
image_679.jpg,18.329618547848657
image_68.jpg,67.0027777525889
image_680.jpg,17.01561159396048
image_681.jpg,35.61261661824338
image_682.jpg,35.28357589955305
image_683.jpg,60.18144770139733
image_684.jpg,35.53693731244558
image_685.jpg,50.78184268072028
image_686.jpg,62.066339569126264
image_687.jpg,31.607177586521203
image_688.jpg,38.480306406988795
image_689.jpg,56.82952363000811
image_69.jpg,29.404623476621243
image_690.jpg,41.96973509878428
image_691.jpg,14.429171345548042
image_692.jpg,61.8098861767578
image_693.jpg,66.00240561352055
image_694.jpg,34.304116514918626
image_695.jpg,7.224447874122181
image_696.jpg,46.375521059164846
image_697.jpg,31.17227435566203
image_698.jpg,80.98930558390218
image_699.jpg,56.45186573113531
image_7.jpg,60.50843224954678
image_70.jpg,9.906201636717364
image_700.jpg,5.887883756421068
image_701.jpg,24.161733057077004
image_702.jpg,24.283866080544943
image_703.jpg,51.40437818161138
image_704.jpg,32.08101390206801
image_705.jpg,77.46421617457902
image_706.jpg,29.624058279319314
image_707.jpg,4.233602654197078
image_708.jpg,20.438907706348694
image_709.jpg,8.25160543152556
image_71.jpg,35.33058213906279
image_710.jpg,10.629600869540903
image_711.jpg,69.34219170134736
image_712.jpg,56.65363217422191
image_713.jpg,42.98166896683322
image_714.jpg,58.536429045401064
image_715.jpg,59.46917251027249
image_716.jpg,6.822160313951066
image_717.jpg,64.07893259690782
image_718.jpg,24.446782233705623
image_719.jpg,25.287029936573564
image_72.jpg,25.512834368647898
image_720.jpg,58.584866640129725
image_721.jpg,61.2190096278789
image_722.jpg,12.872293670156376
image_723.jpg,44.50698828449524
image_724.jpg,30.098235708558153
image_725.jpg,32.496608588176066
image_726.jpg,32.51977546750815
image_727.jpg,47.70123734599
image_728.jpg,42.68853305564991
image_729.jpg,19.540450593512954
image_73.jpg,62.607790954257474
image_730.jpg,32.40100526508371
image_731.jpg,60.27475935640712
image_732.jpg,16.162601191655437
image_733.jpg,26.989408547592845
image_734.jpg,78.07572051433141
image_735.jpg,24.923821469168118
image_736.jpg,41.164768434246135
image_737.jpg,23.492944164073887
image_738.jpg,27.880157956735115
image_739.jpg,68.81570450920314
image_74.jpg,12.693235050730602
image_740.jpg,38.9245165597317
image_741.jpg,3.5238837476041405
image_742.jpg,53.84902699785297
image_743.jpg,45.85894659359729
image_744.jpg,36.95924262561798
image_745.jpg,59.69139132189084
image_746.jpg,19.91338410712869
image_747.jpg,61.88299893469303
image_748.jpg,12.697726035430508
image_749.jpg,49.21426239645381
image_75.jpg,2.137344886736436
image_750.jpg,22.827783948773103
image_751.jpg,5.823399042433081
image_752.jpg,30.25364397220774
image_753.jpg,27.666544076937637
image_754.jpg,33.932544225635276
image_755.jpg,73.19029630346834
image_756.jpg,55.74296280975336
image_757.jpg,9.815841003192885
image_758.jpg,38.07311888339184
image_759.jpg,25.05029860472654
image_76.jpg,63.928246063269796
image_760.jpg,42.00026925844869
image_761.jpg,42.03859893511291
image_762.jpg,49.58398372943699
image_763.jpg,63.26752533823716
image_764.jpg,28.05105572112451
image_765.jpg,57.577615062267846
image_766.jpg,38.415450426905686
image_767.jpg,41.575375770109844
image_768.jpg,37.445775998452625
image_769.jpg,69.97835528054627
image_77.jpg,5.86391373222898
image_770.jpg,50.279196423881615
image_771.jpg,8.174678219376231
image_772.jpg,79.43565515931327
image_773.jpg,24.52222474173904
image_774.jpg,46.19192072926331
image_775.jpg,45.75293429108686
image_776.jpg,22.433757722495198
image_777.jpg,60.547374546326374
image_778.jpg,16.494068511918687
image_779.jpg,51.36837126708182
image_78.jpg,85.55268844322512
image_780.jpg,28.883582816228866
image_781.jpg,24.566048099823153
image_782.jpg,21.022634949022546
image_783.jpg,1.1917463764559102
image_784.jpg,38.086208871150625
image_785.jpg,50.966073355532565
image_786.jpg,50.799031483505
image_787.jpg,63.894448687192785
image_788.jpg,72.75214449382658
image_789.jpg,68.09835055175016
image_79.jpg,45.87562678912383
image_790.jpg,41.10366242860706
image_791.jpg,45.08449540246414
image_792.jpg,25.790241014167574
image_793.jpg,28.289182482621403
image_794.jpg,4.603038855591265
image_795.jpg,0.7135249922489754
image_796.jpg,28.0379118994171
image_797.jpg,80.86110419834114
image_798.jpg,55.990524258388966
image_799.jpg,13.24892393660621
image_8.jpg,34.33205049079132
image_80.jpg,28.431542089274046
image_800.jpg,64.51632873171678
image_801.jpg,55.868898996661414
image_802.jpg,59.71558009465486
image_803.jpg,31.25788341750977
image_804.jpg,28.237063305864357
image_805.jpg,29.504684387121262
image_806.jpg,20.429909317891866
image_807.jpg,34.63951455174443
image_808.jpg,64.51310303944783
image_809.jpg,71.94722335546324
image_81.jpg,73.66840745297166
image_810.jpg,5.159615332810863
image_811.jpg,53.074181197787425
image_812.jpg,60.26358517704491
image_813.jpg,8.307996559775118
image_814.jpg,34.62801126097933
image_815.jpg,10.621527764015697
image_816.jpg,29.0386032418664
image_817.jpg,39.62329698670835
image_818.jpg,60.67318077357715
image_819.jpg,73.14178165474263
image_82.jpg,61.19795277738337
image_820.jpg,26.767678928936423
image_821.jpg,50.80844538104305
image_822.jpg,10.580911478478205
image_823.jpg,56.676408213450344
image_824.jpg,46.392393912006746
image_825.jpg,12.506184310924148
image_826.jpg,57.96400724335174
image_827.jpg,45.395190222997606
image_828.jpg,44.25781985610675
image_829.jpg,29.348605396086754
image_83.jpg,18.449299948589584
image_830.jpg,1.8199902094357465
image_831.jpg,2.0169598285315664
image_832.jpg,19.828936481334654
image_833.jpg,1.41035175628632
image_834.jpg,79.48805800118537
image_835.jpg,11.072307430176236
image_836.jpg,25.375093299279218
image_837.jpg,5.082916196691738
image_838.jpg,55.247238012937316
image_839.jpg,5.818490431359223
image_84.jpg,54.61483132293616
image_840.jpg,5.523131639071015
image_841.jpg,54.488561184724425
image_842.jpg,21.79350189278992
image_843.jpg,71.84112243476686
image_844.jpg,40.2965868092659
image_845.jpg,16.210691786722254
image_846.jpg,1.7292158138079448
image_847.jpg,1.2763004563467153
image_848.jpg,52.28218300805585
image_849.jpg,33.00959210648119
image_85.jpg,4.092383530206379
image_850.jpg,23.961351541030734
image_851.jpg,37.028054811584404
image_852.jpg,73.3924710285549
image_853.jpg,19.83486487752822
image_854.jpg,61.2337576581449
image_855.jpg,42.5167497565281
image_856.jpg,41.13733642891412
image_857.jpg,74.71078303674621
image_858.jpg,22.894210951328095
image_859.jpg,39.10844439324928
image_86.jpg,14.339466539292472
image_860.jpg,60.18144770139733
image_861.jpg,24.401723578490163
image_862.jpg,10.509906155604982
image_863.jpg,51.45080634332556
image_864.jpg,12.635252308928365
image_865.jpg,17.279976587638213
image_866.jpg,15.23228418445593
image_867.jpg,68.73840750766242
image_868.jpg,47.276723986839606
image_869.jpg,48.69572319456651
image_87.jpg,58.56679340494085
image_870.jpg,29.386644881011744
image_871.jpg,43.41576698663761
image_872.jpg,65.5613449443076
image_873.jpg,79.32857694853139
image_874.jpg,51.947402840972735
image_875.jpg,64.73319382106423
image_876.jpg,33.44543681966274
image_877.jpg,14.383235555699278
image_878.jpg,29.92376291417054
image_879.jpg,36.68304468010037
image_88.jpg,85.8986523438911
image_880.jpg,57.847587648651235
image_881.jpg,75.30164478642995
image_882.jpg,45.508590751013394
image_883.jpg,81.22770034034143
image_884.jpg,61.55393240710086
image_885.jpg,62.43997378619608
image_886.jpg,29.419340437457667
image_887.jpg,28.081941130979672
image_888.jpg,27.901299667201545
image_889.jpg,28.4917619196474
image_89.jpg,11.181767799411121
image_890.jpg,66.16223906652971
image_891.jpg,35.50271256973512
image_892.jpg,29.195338595275047
image_893.jpg,33.26273704693212
image_894.jpg,30.779249033603843
image_895.jpg,51.4835237916325
image_896.jpg,1.5590651387792225
image_897.jpg,31.595048385654696
image_898.jpg,53.24145213070651
image_899.jpg,52.94968768351438
image_9.jpg,9.436157884131497
image_90.jpg,44.53307972058786
image_900.jpg,25.672243300724187
image_901.jpg,17.28662681796305
image_902.jpg,56.074428695814554
image_903.jpg,43.51256962066384
image_904.jpg,51.11143460933716
image_905.jpg,41.59104836816522
image_906.jpg,50.624623989463885
image_907.jpg,26.177922673829716
image_908.jpg,31.05366343896377
image_909.jpg,30.61731675036212
image_91.jpg,72.94976354780626
image_910.jpg,52.40642369675472
image_911.jpg,28.950295323350712
image_912.jpg,63.104561846856946
image_913.jpg,29.724958557923717
image_914.jpg,49.1894720588656
image_915.jpg,50.34039863788035
image_916.jpg,35.211926929644676
image_917.jpg,58.87409363643108
image_918.jpg,26.503191012427806
image_919.jpg,69.11283233842757
image_92.jpg,72.34041499157219
image_920.jpg,40.888105690847006
image_921.jpg,21.859096945754796
image_922.jpg,29.267630180096774
image_923.jpg,29.89785621593258
image_924.jpg,39.17306045009363
image_925.jpg,44.88996820345354
image_926.jpg,52.59979504061141
image_927.jpg,33.243083010278575
image_928.jpg,79.73553572099794
image_929.jpg,60.6728101324226
image_93.jpg,10.075312240031856
image_930.jpg,9.822011660466279
image_931.jpg,26.838964839146346
image_932.jpg,26.61275504326127
image_933.jpg,68.13208765772909
image_934.jpg,25.16762617281995
image_935.jpg,11.676962971964073
image_936.jpg,59.520185643680406
image_937.jpg,78.56516665868106
image_938.jpg,56.66606753546838
image_939.jpg,41.28262815482723
image_94.jpg,25.02414753197027
image_940.jpg,13.100640552753715
image_941.jpg,34.89359264494813
image_942.jpg,1.0238870444696413
image_943.jpg,7.260712089347334
image_944.jpg,63.64571656530752
image_945.jpg,69.19260681019601
image_946.jpg,16.212838910752954
image_947.jpg,53.88792773212678
image_948.jpg,35.356242519489186
image_949.jpg,14.748358226731645
image_95.jpg,13.359959102886428
image_950.jpg,59.18709164750485
image_951.jpg,62.4397251172223
image_952.jpg,52.578910979904265
image_953.jpg,2.9025273399811056
image_954.jpg,1.5609273890805018
image_955.jpg,55.7110774032251
image_956.jpg,39.667138370090434
image_957.jpg,59.41945582742685
image_958.jpg,27.0685139418339
image_959.jpg,6.221630302207468
image_96.jpg,1.3333394253791677
image_960.jpg,35.33279495590641
image_961.jpg,62.46347589221352
image_962.jpg,26.2843308026369
image_963.jpg,58.568130386708226
image_964.jpg,2.1214767139090185
image_965.jpg,5.430800463187161
image_966.jpg,22.85858316692573
image_967.jpg,53.81836689604979
image_968.jpg,44.48948602158138
image_969.jpg,28.720806927920307
image_97.jpg,29.592508459465847
image_970.jpg,10.115259197674916
image_971.jpg,8.512259233798822
image_972.jpg,60.01039693831331
image_973.jpg,25.864085342092462
image_974.jpg,5.802362860140181
image_975.jpg,24.064774951935444
image_976.jpg,8.407066059392436
image_977.jpg,26.599893729496387
image_978.jpg,35.22462860926152
image_979.jpg,67.49629035116489
image_98.jpg,5.525035556423681
image_980.jpg,72.9873829350705
image_981.jpg,52.98984504952347
image_982.jpg,10.833690439673576
image_983.jpg,24.520684385937006
image_984.jpg,64.71160014143574
image_985.jpg,58.058213672009764
image_986.jpg,60.67137953527986
image_987.jpg,3.186977996195265
image_988.jpg,4.220661507312404
image_989.jpg,52.96266615350249
image_99.jpg,5.754515580567087
image_990.jpg,32.33245448695347
image_991.jpg,56.920766001019466
image_992.jpg,24.502362320206913
image_993.jpg,65.1288487695732
image_994.jpg,52.2646158668517
image_995.jpg,1.120050144107078
image_996.jpg,37.9619369514987
image_997.jpg,34.6301200595232
image_998.jpg,5.442541008652841
image_999.jpg,53.6380235645909
